{
  "declared": {
    "fov_raw": 63.541019480008295,
    "fov_deg": 63.541019480008295,
    "aspect": 1,
    "cameraType": 0,
    "renderTargetId": "923415f5-4245-4675-ade1-6d69d6d23e71"
  },
  "measured": {
    "jpeg_width": 900,
    "jpeg_height": 900,
    "pixel_aspect": 1
  },
  "intrinsics": {
    "fx": 726.6104978331954,
    "fy": 726.6104978331954,
    "cx": 450,
    "cy": 450,
    "vfov_deg": 63.541019480008295,
    "hfov_deg": 63.541019480008295,
    "K": [
      [
        726.6104978331954,
        0,
        450
      ],
      [
        0,
        726.6104978331954,
        450
      ],
      [
        0,
        0,
        1
      ]
    ]
  }
}